,Année,Mois,Jour,Heure,Equipe domicile,Equipe exterieure,Vainqueur,Score domicile,Score extérieur,Buteurs,Lieu du match,Journée,Région,Temperature moyenne,Précipitations en mm
0,2020,08,21,T19:00:00+0200,Bordeaux,Nantes,ex-aequo,0,0,[None],Bordeaux,1,aquitaine,22.5,5
1,2020,08,22,T17:00:00+0200,Dijon,Angers,exterieur,0,1,['I. Traoré'],Dijon,1,bourgogne,22.0,19
2,2020,08,22,T21:00:00+0200,Lille,Rennes,ex-aequo,1,1,"['J. Bamba', 'D. Da Silva']",Lille,1,nord-pas-de-calais,19.0,1
3,2020,08,23,T13:00:00+0200,Monaco,Reims,ex-aequo,2,2,"['A. Disasi', 'B. Badiashile', 'B. Dia', 'E. Touré']",Monaco,1,provence-alpes-c-te-d-azur,25.5,1
4,2020,08,23,T15:00:00+0200,Lorient,Strasbourg,domicile,3,1,"['Y. Wissa', 'A. Grbic', 'P. Hamel', 'M. Chahiri']",Lorient,1,bretagne,17.0,1
5,2020,08,23,T15:00:00+0200,Nîmes,Brest,domicile,4,0,"['K. Denkey', 'B. Meling', 'R. Philippoteaux', 'M. Koné']",Nîmes,1,languedoc-roussillon,26.5,0
6,2020,08,23,T17:00:00+0200,Nice,Lens,domicile,2,1,"['A. Gouiri', 'A. Gouiri', 'G. Kakuta']",Nice,1,provence-alpes-c-te-d-azur,25.5,1
7,2020,09,15,T21:00:00+0200,Montpellier,Lyon,domicile,2,1,"['T. Savanier', 'T. Savanier', 'M. Depay']",Montpellier,1,languedoc-roussillon,23.5,0
8,2020,09,16,T21:00:00+0200,Paris-SG,Metz,domicile,1,0,['J. Draxler'],Paris,1,ile-de-france,27.0,1
9,2020,09,17,T21:00:00+0200,Marseille,Saint-Étienne,exterieur,0,2,"['R. Hamouma', 'D. Bouanga']",Marseille,1,provence-alpes-c-te-d-azur,26.5,0
10,2020,08,28,T21:00:00+0200,Lyon,Dijon,domicile,4,1,"['M. Depay', 'W. Lautoa', 'M. Depay', 'M. Depay', 'A. Scheidler']",Lyon,2,rh-ne-alpes,21.5,20
11,2020,08,29,T17:00:00+0200,Rennes,Montpellier,domicile,2,1,"['D. Le Tallec', 'E. Camavinga', 'G. Laborde']",Rennes,2,bretagne,14.0,4
12,2020,08,29,T21:00:00+0200,Strasbourg,Nice,exterieur,0,2,"['K. Dolberg', 'K. Dolberg']",Strasbourg,2,alsace,16.5,1
13,2020,08,30,T13:00:00+0200,Reims,Lille,exterieur,0,1,['J. Bamba'],Reims,2,champagne-ardenne,15.0,2
14,2020,08,30,T15:00:00+0200,Nantes,Nîmes,domicile,2,1,"['A. Girotto', 'I. Louza', 'Z. Ferhat']",Nantes,2,pays-de-la-loire,14.0,1
15,2020,08,30,T15:00:00+0200,Saint-Étienne,Lorient,domicile,2,0,"['R. Hamouma', 'R. Hamouma']",Saint-Étienne,2,rh-ne-alpes,14.5,2
16,2020,08,30,T15:00:00+0200,Angers,Bordeaux,exterieur,0,2,"['J. Maja', 'T. Basic']",Angers,2,pays-de-la-loire,13.5,1
17,2020,08,30,T15:00:00+0200,Metz,Monaco,exterieur,0,1,['B. Badiashile'],Metz,2,lorraine,17.0,1
18,2020,08,30,T21:00:00+0200,Brest,Marseille,exterieur,2,3,"['R. Faivre', 'G. Charbonnier', 'F. Thauvin', 'D. Caleta-Car', 'D. Caleta-Car']",Brest,2,bretagne,14.5,1
19,2020,09,10,T21:00:00+0200,Lens,Paris-SG,domicile,1,0,['I. Ganago'],Lens,2,nord-pas-de-calais,19.0,1
20,2020,09,11,T21:00:00+0200,Bordeaux,Lyon,ex-aequo,0,0,[None],Bordeaux,3,aquitaine,23.5,0
21,2020,09,12,T17:00:00+0200,Montpellier,Nice,domicile,3,1,"['G. Laborde', 'D. Congré', 'D. Congré', 'Dante']",Montpellier,3,languedoc-roussillon,25.0,3
22,2020,09,12,T21:00:00+0200,Saint-Étienne,Strasbourg,domicile,2,0,"['D. Bouanga', 'M. Camara']",Saint-Étienne,3,rh-ne-alpes,19.5,0
23,2020,09,13,T13:00:00+0200,Lille,Metz,domicile,1,0,['L. Araujo'],Lille,3,nord-pas-de-calais,20.0,0
24,2020,09,13,T15:00:00+0200,Nîmes,Rennes,exterieur,2,4,"['A. Cubas', 'Z. Ferhat', 'S. Guirassy', 'S. Guirassy', 'N. Aguerd', 'B. Bourigeaud']",Nîmes,3,languedoc-roussillon,27.0,0
25,2020,09,13,T15:00:00+0200,Lorient,Lens,exterieur,2,3,"['A. Grbic', 'Y. Wissa', 'G. Kakuta', 'F. Medina', 'I. Ganago']",Lorient,3,bretagne,18.0,0
26,2020,09,13,T15:00:00+0200,Angers,Reims,domicile,1,0,['S. Bahoken'],Angers,3,pays-de-la-loire,21.0,0
27,2020,09,13,T15:00:00+0200,Dijon,Brest,exterieur,0,2,"['R. Perraud', 'I. Cardona']",Dijon,3,bourgogne,22.0,0
28,2020,09,13,T17:00:00+0200,Monaco,Nantes,domicile,2,1,"['S. Diop', 'W. Geubbels', 'L. Blas']",Monaco,3,provence-alpes-c-te-d-azur,26.5,0
29,2020,09,13,T21:00:00+0200,Paris-SG,Marseille,exterieur,0,1,['F. Thauvin'],Paris,3,ile-de-france,26.0,0
30,2020,09,18,T21:00:00+0200,Lyon,Nîmes,ex-aequo,0,0,[None],Lyon,4,rh-ne-alpes,25.5,0
31,2020,09,19,T17:00:00+0200,Lens,Bordeaux,domicile,2,1,"['I. Ganago', 'G. Kakuta', 'S. Kalu']",Lens,4,nord-pas-de-calais,20.0,1
32,2020,09,19,T21:00:00+0200,Rennes,Monaco,domicile,2,1,"['S. Nzonzi', 'A. Truffert', 'W. Ben Yedder']",Rennes,4,bretagne,20.0,19
33,2020,09,20,T13:00:00+0200,Nice,Paris-SG,exterieur,0,3,"['K. Mbappé', 'A. Di Maria', 'Marquinhos']",Nice,4,provence-alpes-c-te-d-azur,23.0,16
34,2020,09,20,T15:00:00+0200,Montpellier,Angers,domicile,4,1,"['A. Souquet', 'A. Delort', 'A. Delort', 'F. Mollet', 'S. Bahoken']",Montpellier,4,languedoc-roussillon,23.0,16
35,2020,09,20,T15:00:00+0200,Brest,Lorient,domicile,3,2,"['R. Perraud', 'S. Mounié', 'F. Honorat', 'C. Hérelle', 'T. Monconduit']",Brest,4,bretagne,17.0,0
36,2020,09,20,T15:00:00+0200,Metz,Reims,domicile,2,1,"['I. Niane', 'I. Niane', 'B. Dia']",Metz,4,lorraine,19.0,1
37,2020,09,20,T15:00:00+0200,Strasbourg,Dijon,domicile,1,0,['S. Mitrovic'],Strasbourg,4,alsace,19.5,0
38,2020,09,20,T17:00:00+0200,Nantes,Saint-Étienne,ex-aequo,2,2,"['M. Simon', 'R. Emond', 'A. Aouchiche', 'Y. Maçon']",Nantes,4,pays-de-la-loire,20.5,2
39,2020,09,20,T21:00:00+0200,Marseille,Lille,ex-aequo,1,1,"['V. Germain', 'L. Araujo']",Marseille,4,provence-alpes-c-te-d-azur,24.0,13
40,2020,09,25,T21:00:00+0200,Lille,Nantes,domicile,2,0,"['N. Pallois', 'B. Yilmaz']",Lille,5,nord-pas-de-calais,10.5,8
41,2020,09,26,T17:00:00+0200,Saint-Étienne,Rennes,exterieur,0,3,"['N. Aguerd', 'S. Guirassy', 'A. Hunou']",Saint-Étienne,5,rh-ne-alpes,7.5,3
42,2020,09,26,T21:00:00+0200,Marseille,Metz,ex-aequo,1,1,"['M. Sanson', 'I. Niane']",Marseille,5,provence-alpes-c-te-d-azur,14.5,0
43,2020,09,27,T13:00:00+0200,Bordeaux,Nice,ex-aequo,0,0,[None],Bordeaux,5,aquitaine,11.5,1
44,2020,09,27,T15:00:00+0200,Dijon,Montpellier,ex-aequo,2,2,"['E. Dina Ebimbe', 'B. Ecuele Manga', 'A. Delort', 'T. Savanier']",Dijon,5,bourgogne,8.0,47
45,2020,09,27,T15:00:00+0200,Nîmes,Lens,ex-aequo,1,1,"['Z. Ferhat', 'I. Ganago']",Nîmes,5,languedoc-roussillon,12.0,1
46,2020,09,27,T15:00:00+0200,Monaco,Strasbourg,domicile,3,2,"['W. Ben Yedder', 'R. Aguilar', 'W. Ben Yedder', 'M. Chahiri', 'L. Ajorque']",Monaco,5,provence-alpes-c-te-d-azur,17.5,1
47,2020,09,27,T15:00:00+0200,Angers,Brest,domicile,3,2,"['S. Thioub', 'I. Traoré', 'A. Fulgini', 'S. Mounié', 'G. Charbonnier']",Angers,5,pays-de-la-loire,11.5,0
48,2020,09,27,T17:00:00+0200,Lorient,Lyon,ex-aequo,1,1,"['Y. Wissa', 'L. Dubois']",Lorient,5,bretagne,12.5,0
49,2020,09,27,T21:00:00+0200,Reims,Paris-SG,exterieur,0,2,"['M. Icardi', 'M. Icardi']",Reims,5,champagne-ardenne,13.0,21
50,2020,10,02,T21:00:00+0200,Paris-SG,Angers,domicile,6,1,"['A. Florenzi', 'Neymar', 'Neymar', 'J. Draxler', 'I. Gueye', 'K. Mbappé', 'I. Traoré']",Paris,6,ile-de-france,13.5,31
51,2020,10,03,T17:00:00+0200,Lens,Saint-Étienne,domicile,2,0,"['G. Kakuta', 'F. Sotoca']",Lens,6,nord-pas-de-calais,13.5,22
52,2020,10,03,T21:00:00+0200,Nice,Nantes,domicile,2,1,"['Dante', 'K. Thuram', 'I. Louza']",Nice,6,provence-alpes-c-te-d-azur,15.5,22
53,2020,10,04,T13:00:00+0200,Montpellier,Nîmes,exterieur,0,1,['R. Ripart'],Montpellier,6,languedoc-roussillon,16.0,2
54,2020,10,04,T15:00:00+0200,Strasbourg,Lille,exterieur,0,3,"['M. Çelik', 'R. Sanches', 'B. Yilmaz']",Strasbourg,6,alsace,13.5,2
55,2020,10,04,T15:00:00+0200,Brest,Monaco,domicile,1,0,['R. Faivre'],Brest,6,bretagne,12.0,7
56,2020,10,04,T15:00:00+0200,Bordeaux,Dijon,domicile,3,0,"['R. Oudin', 'S. Kalu', 'T. Basic']",Bordeaux,6,aquitaine,13.5,13
57,2020,10,04,T15:00:00+0200,Metz,Lorient,domicile,3,1,"['I. Niane', 'I. Niane', 'I. Niane', 'P. Hamel']",Metz,6,lorraine,11.0,18
58,2020,10,04,T17:00:00+0200,Rennes,Reims,ex-aequo,2,2,"['Raphinha', 'D. Da Silva', 'Y. Abdelhamid', 'B. Dia']",Rennes,6,bretagne,11.5,4
59,2020,10,04,T21:00:00+0200,Lyon,Marseille,ex-aequo,1,1,"['H. Aouar', 'D. Payet']",Lyon,6,rh-ne-alpes,12.5,5
60,2020,10,16,T19:00:00+0200,Dijon,Rennes,ex-aequo,1,1,"['M. Baldé', 'M. Terrier']",Dijon,7,bourgogne,10.0,2
61,2020,10,16,T21:00:00+0200,Nîmes,Paris-SG,exterieur,0,4,"['K. Mbappé', 'A. Florenzi', 'K. Mbappé', 'P. Sarabia']",Nîmes,7,languedoc-roussillon,12.5,0
62,2020,10,17,T17:00:00+0200,Reims,Lorient,exterieur,1,3,"['M. Cassama', 'P. Hamel', 'Y. Wissa', 'T. Moffi']",Reims,7,champagne-ardenne,9.0,0
63,2020,10,17,T21:00:00+0200,Marseille,Bordeaux,domicile,3,1,"['F. Thauvin', 'J. Amavi', 'Pablo', 'J. Maja']",Marseille,7,provence-alpes-c-te-d-azur,15.0,0
64,2020,10,18,T13:00:00+0200,Strasbourg,Lyon,exterieur,2,3,"['H. Diallo', 'J. Aholou', 'T. Kadewere', 'K. Toko Ekambi', 'K. Toko Ekambi']",Strasbourg,7,alsace,10.0,2
65,2020,10,18,T15:00:00+0200,Monaco,Montpellier,ex-aequo,1,1,"['W. Ben Yedder', 'S. Mavididi']",Monaco,7,provence-alpes-c-te-d-azur,16.0,1
66,2020,10,18,T15:00:00+0200,Nantes,Brest,domicile,3,1,"['R. Kolo Muani', 'L. Blas', 'A. Bamba', 'R. Faivre']",Nantes,7,pays-de-la-loire,11.5,0
67,2020,10,18,T15:00:00+0200,Angers,Metz,ex-aequo,1,1,"['T. Mangani', 'O. Nguette']",Angers,7,pays-de-la-loire,12.0,0
68,2020,10,18,T17:00:00+0200,Saint-Étienne,Nice,exterieur,1,3,"['A. Aouchiche', 'P. Lees-Melou', 'A. Gouiri', 'M. Maolida']",Saint-Étienne,7,rh-ne-alpes,6.5,0
69,2020,10,18,T21:00:00+0200,Lille,Lens,domicile,4,0,"['B. Yilmaz', 'J. Bamba', 'J. Ikoné', 'Y. Yazici']",Lille,7,nord-pas-de-calais,11.5,2
70,2020,10,23,T21:00:00+0200,Rennes,Angers,exterieur,1,2,"['A. Hunou', 'S. Boufal', 'A. Fulgini']",Rennes,8,bretagne,13.0,2
71,2020,10,24,T17:00:00+0200,Lorient,Marseille,exterieur,0,1,['L. Balerdi'],Lorient,8,bretagne,15.5,18
72,2020,10,24,T21:00:00+0200,Paris-SG,Dijon,domicile,4,0,"['M. Kean', 'M. Kean', 'K. Mbappé', 'K. Mbappé']",Paris,8,ile-de-france,14.5,1
73,2020,10,25,T15:00:00+0100,Montpellier,Reims,exterieur,0,4,"['B. Dia', 'B. Dia', 'N. Mbuku', 'B. Dia']",Montpellier,8,languedoc-roussillon,15.5,0
74,2020,10,25,T15:00:00+0100,Metz,Saint-Étienne,domicile,2,0,"['F. Boulaya', 'N. Sissoko']",Metz,8,lorraine,11.5,11
75,2020,10,25,T15:00:00+0100,Bordeaux,Nîmes,domicile,2,0,"['J. Briand', 'R. Oudin']",Bordeaux,8,aquitaine,14.5,7
76,2020,10,25,T15:00:00+0100,Brest,Strasbourg,exterieur,0,3,"['H. Diallo', 'K. Lala', 'L. Ajorque']",Brest,8,bretagne,11.0,4
77,2020,10,25,T17:00:00+0100,Nice,Lille,ex-aequo,1,1,"['K. Dolberg', 'B. Yilmaz']",Nice,8,provence-alpes-c-te-d-azur,16.5,2
78,2020,10,25,T21:00:00+0100,Lyon,Monaco,domicile,4,1,"['M. Depay', 'K. Toko Ekambi', 'H. Aouar', 'K. Toko Ekambi', 'W. Ben Yedder']",Lyon,8,rh-ne-alpes,14.5,0
79,2020,11,25,T19:00:00+0100,Lens,Nantes,ex-aequo,1,1,"['G. Kakuta', 'A. Touré']",Lens,8,nord-pas-de-calais,8.0,0
80,2020,10,31,T17:00:00+0100,Rennes,Brest,domicile,2,1,"['D. Da Silva', 'N. Aguerd', 'F. Honorat']",Rennes,9,bretagne,12.5,2
81,2020,10,31,T21:00:00+0100,Nantes,Paris-SG,exterieur,0,3,"['A. Herrera', 'K. Mbappé', 'P. Sarabia']",Nantes,9,pays-de-la-loire,14.0,0
82,2020,11,01,T13:00:00+0100,Saint-Étienne,Montpellier,exterieur,0,1,['S. Mavididi'],Saint-Étienne,9,rh-ne-alpes,15.5,0
83,2020,11,01,T15:00:00+0100,Angers,Nice,exterieur,0,3,"['R. Lopes', 'P. Lees-Melou', 'H. Boudaoui']",Angers,9,pays-de-la-loire,17.5,5
84,2020,11,01,T15:00:00+0100,Nîmes,Metz,exterieur,0,1,['M. Gueye'],Nîmes,9,languedoc-roussillon,16.5,0
85,2020,11,01,T15:00:00+0100,Dijon,Lorient,ex-aequo,0,0,[None],Dijon,9,bourgogne,13.5,5
86,2020,11,01,T15:00:00+0100,Reims,Strasbourg,domicile,2,1,"['B. Kamara', 'W. Faes', 'L. Ajorque']",Reims,9,champagne-ardenne,14.5,2
87,2020,11,01,T17:00:00+0100,Monaco,Bordeaux,domicile,4,0,"['W. Ben Yedder', 'G. Martins', 'K. Volland', 'K. Volland']",Monaco,9,provence-alpes-c-te-d-azur,17.5,0
88,2020,11,01,T21:00:00+0100,Lille,Lyon,ex-aequo,1,1,"['J. Bamba', 'M. Çelik']",Lille,9,nord-pas-de-calais,14.5,1
89,2021,01,20,T21:00:00+0100,Marseille,Lens,exterieur,0,1,['S. Banza'],Marseille,9,provence-alpes-c-te-d-azur,12.5,6
90,2020,11,06,T21:00:00+0100,Strasbourg,Marseille,exterieur,0,1,['M. Sanson'],Strasbourg,10,alsace,9.0,0
91,2020,11,07,T17:00:00+0100,Bordeaux,Montpellier,exterieur,0,2,"['F. Mollet', 'A. Delort']",Bordeaux,10,aquitaine,17.0,4
92,2020,11,07,T21:00:00+0100,Paris-SG,Rennes,domicile,3,0,"['M. Kean', 'A. Di Maria', 'D. Da Silva']",Paris,10,ile-de-france,13.5,0
93,2020,11,08,T13:00:00+0100,Brest,Lille,domicile,3,2,"['R. Pierre-Gabriel', 'R. Perraud', 'I. Cardona', 'B. Yilmaz', 'B. Yilmaz']",Brest,10,bretagne,15.0,1
94,2020,11,08,T15:00:00+0100,Lens,Reims,ex-aequo,4,4,"['S. Banza', 'T. Foket', 'F. Sotoca', 'F. Sotoca', 'M. Cafaro', 'B. Dia', 'F. Medina', 'B. Dia']",Lens,10,nord-pas-de-calais,13.0,0
95,2020,11,08,T15:00:00+0100,Metz,Dijon,ex-aequo,1,1,"['P. Yade', 'M. Baldé']",Metz,10,lorraine,11.5,1
96,2020,11,08,T15:00:00+0100,Nîmes,Angers,exterieur,1,5,"['M. Koné', 'M. Pereira Lage', 'S. Bahoken', 'S. Bahoken', 'L. Diony', 'J. Cabot']",Nîmes,10,languedoc-roussillon,17.0,33
97,2020,11,08,T15:00:00+0100,Lorient,Nantes,exterieur,0,2,"['A. Bamba', 'L. Blas']",Lorient,10,bretagne,15.5,1
98,2020,11,08,T17:00:00+0100,Nice,Monaco,exterieur,1,2,"['P. Lees-Melou', 'A. Disasi', 'S. Diop']",Nice,10,provence-alpes-c-te-d-azur,16.0,1
99,2020,11,08,T21:00:00+0100,Lyon,Saint-Étienne,domicile,2,1,"['T. Kadewere', 'T. Kadewere', 'A. Lopes']",Lyon,10,rh-ne-alpes,13.5,4
100,2020,11,20,T19:00:00+0100,Rennes,Bordeaux,exterieur,0,1,['H. Ben Arfa'],Rennes,11,bretagne,7.5,0
101,2020,11,20,T21:00:00+0100,Monaco,Paris-SG,domicile,3,2,"['K. Volland', 'K. Volland', 'F. Fabregas', 'K. Mbappé', 'K. Mbappé']",Monaco,11,provence-alpes-c-te-d-azur,14.5,3
102,2020,11,21,T17:00:00+0100,Brest,Saint-Étienne,domicile,4,1,"['F. Honorat', 'J. Duverne', 'I. Cardona', 'S. Mounié', 'M. Camara']",Brest,11,bretagne,10.5,1
103,2020,11,22,T13:00:00+0100,Nantes,Metz,ex-aequo,1,1,"['R. Kolo Muani', 'A. Leya Iseka']",Nantes,11,pays-de-la-loire,9.0,0
104,2020,11,22,T15:00:00+0100,Montpellier,Strasbourg,domicile,4,3,"['P. Mendes', 'A. Delort', 'A. Delort', 'G. Laborde', 'K. Lala', 'H. Diallo', 'L. Ajorque']",Montpellier,11,languedoc-roussillon,9.0,0
105,2020,11,22,T15:00:00+0100,Dijon,Lens,exterieur,0,1,['A. Kalimuendo'],Dijon,11,bourgogne,3.5,0
106,2020,11,22,T15:00:00+0100,Reims,Nîmes,exterieur,0,1,['R. Ripart'],Reims,11,champagne-ardenne,6.5,0
107,2020,11,22,T17:00:00+0100,Angers,Lyon,exterieur,0,1,['T. Kadewere'],Angers,11,pays-de-la-loire,8.0,0
108,2020,11,22,T21:00:00+0100,Lille,Lorient,domicile,4,0,"['Y. Yazici', 'Y. Yazici', 'L. Araujo', 'J. David']",Lille,11,nord-pas-de-calais,10.5,4
109,2021,02,17,T21:00:00+0100,Marseille,Nice,domicile,3,2,"['A. Gonzalez', 'S. Khaoui', 'S. Khaoui', 'A. Gouiri', 'M. Sellouki']",Marseille,11,provence-alpes-c-te-d-azur,11.5,1
110,2020,11,27,T21:00:00+0100,Strasbourg,Rennes,ex-aequo,1,1,"['A. Thomasson', 'A. Hunou']",Strasbourg,12,alsace,5.5,0
111,2020,11,28,T17:00:00+0100,Marseille,Nantes,domicile,3,1,"['F. Thauvin', 'D. Payet', 'D. Benedetto', 'L. Blas']",Marseille,12,provence-alpes-c-te-d-azur,15.5,4
112,2020,11,28,T21:00:00+0100,Paris-SG,Bordeaux,ex-aequo,2,2,"['Neymar', 'M. Kean', 'T. Pembélé', 'Y. Adli']",Paris,12,ile-de-france,9.5,0
113,2020,11,29,T13:00:00+0100,Lyon,Reims,domicile,3,0,"['K. Toko Ekambi', 'B. Guimaraes', 'M. Dembélé']",Lyon,12,rh-ne-alpes,5.0,0
114,2020,11,29,T15:00:00+0100,Lens,Angers,exterieur,1,3,"['A. Kalimuendo', 'M. Pereira Lage', 'S. Bahoken', 'P. Capelle']",Lens,12,nord-pas-de-calais,5.5,0
115,2020,11,29,T15:00:00+0100,Lorient,Montpellier,exterieur,0,1,['P. Skuletic'],Lorient,12,bretagne,9.5,0
116,2020,11,29,T15:00:00+0100,Monaco,Nîmes,domicile,3,0,"['S. Diop', 'G. Martins', 'K. Volland']",Monaco,12,provence-alpes-c-te-d-azur,14.5,0
117,2020,11,29,T15:00:00+0100,Metz,Brest,exterieur,0,2,"['I. Cardona', 'I. Cardona']",Metz,12,lorraine,1.0,0
118,2020,11,29,T17:00:00+0100,Nice,Dijon,exterieur,1,3,"['A. Gouiri', 'M. Baldé', 'G. Ngonda Muzinga', 'M. Baldé']",Nice,12,provence-alpes-c-te-d-azur,14.0,0
119,2020,11,29,T21:00:00+0100,Saint-Étienne,Lille,ex-aequo,1,1,"['W. Khazri', 'J. Ikoné']",Saint-Étienne,12,rh-ne-alpes,3.5,0
120,2020,12,04,T21:00:00+0100,Nîmes,Marseille,exterieur,0,2,"['D. Benedetto', 'V. Germain']",Nîmes,13,languedoc-roussillon,9.0,2
121,2020,12,05,T17:00:00+0100,Rennes,Lens,exterieur,0,2,"['A. Kalimuendo', 'I. Ganago']",Rennes,13,bretagne,4.0,6
122,2020,12,05,T21:00:00+0100,Montpellier,Paris-SG,exterieur,1,3,"['S. Mavididi', 'C. Dagba', 'M. Kean', 'K. Mbappé']",Montpellier,13,languedoc-roussillon,8.0,0
123,2020,12,06,T13:00:00+0100,Lille,Monaco,domicile,2,1,"['J. David', 'Y. Yazici', 'P. Pellegri']",Lille,13,nord-pas-de-calais,3.5,0
124,2020,12,06,T15:00:00+0100,Angers,Lorient,domicile,2,0,"['A. Fulgini', 'P. Capelle']",Angers,13,pays-de-la-loire,4.0,2
125,2020,12,06,T15:00:00+0100,Bordeaux,Brest,domicile,1,0,['H. Ben Arfa'],Bordeaux,13,aquitaine,8.5,4
126,2020,12,06,T15:00:00+0100,Nantes,Strasbourg,exterieur,0,4,"['D. Liénard', 'H. Diallo', 'L. Ajorque', 'K. Zohi']",Nantes,13,pays-de-la-loire,6.5,4
127,2020,12,06,T15:00:00+0100,Dijon,Saint-Étienne,ex-aequo,0,0,[None],Dijon,13,bourgogne,1.5,0
128,2020,12,06,T17:00:00+0100,Reims,Nice,ex-aequo,0,0,[None],Reims,13,champagne-ardenne,2.5,0
129,2020,12,06,T21:00:00+0100,Metz,Lyon,exterieur,1,3,"['F. Boulaya', 'M. Depay', 'K. Toko Ekambi', 'K. Toko Ekambi']",Metz,13,lorraine,2.5,0
130,2020,12,11,T21:00:00+0100,Saint-Étienne,Angers,ex-aequo,0,0,[None],Saint-Étienne,14,rh-ne-alpes,5.5,12
131,2020,12,12,T17:00:00+0100,Marseille,Monaco,domicile,2,1,"['F. Thauvin', 'D. Benedetto', 'W. Ben Yedder']",Marseille,14,provence-alpes-c-te-d-azur,10.5,7
132,2020,12,12,T21:00:00+0100,Lens,Montpellier,exterieur,2,3,"['J. Omlin', 'G. Kakuta', 'S. Mavididi', 'P. Mendes', 'G. Laborde']",Lens,14,nord-pas-de-calais,8.0,3
133,2020,12,13,T13:00:00+0100,Nice,Rennes,exterieur,0,1,['M. Niang'],Nice,14,provence-alpes-c-te-d-azur,11.0,0
134,2020,12,13,T15:00:00+0100,Brest,Reims,domicile,2,1,"['F. Honorat', 'S. Mounié', 'A. Zeneli']",Brest,14,bretagne,11.5,10
135,2020,12,13,T15:00:00+0100,Strasbourg,Metz,ex-aequo,2,2,"['M. Simakan', 'A. Thomasson', 'D. Bronn', 'O. Nguette']",Strasbourg,14,alsace,7.0,3
136,2020,12,13,T15:00:00+0100,Nantes,Dijon,ex-aequo,1,1,"['M. Simon', 'M. Konaté']",Nantes,14,pays-de-la-loire,9.5,2
137,2020,12,13,T15:00:00+0100,Lorient,Nîmes,domicile,3,0,"['Q. Boisgard', 'P. Hamel', 'Y. Wissa']",Lorient,14,bretagne,12.0,13
138,2020,12,13,T17:00:00+0100,Lille,Bordeaux,domicile,2,1,"['J. Bamba', 'J. Fonte', 'T. Basic']",Lille,14,nord-pas-de-calais,5.5,1
139,2020,12,13,T21:00:00+0100,Paris-SG,Lyon,exterieur,0,1,['T. Kadewere'],Paris,14,ile-de-france,6.0,1
140,2020,12,16,T19:00:00+0100,Dijon,Lille,exterieur,0,2,"['Y. Yazici', 'T. Weah']",Dijon,15,bourgogne,8.5,1
141,2020,12,16,T19:00:00+0100,Montpellier,Metz,exterieur,0,2,"['A. Leya Iseka', 'H. Maïga']",Montpellier,15,languedoc-roussillon,13.0,9
142,2020,12,16,T19:00:00+0100,Angers,Strasbourg,exterieur,0,2,"['H. Diallo', 'L. Ajorque']",Angers,15,pays-de-la-loire,9.0,2
143,2020,12,16,T19:00:00+0100,Nîmes,Nice,exterieur,0,2,"['D. Ndoye', 'A. Claude-Maurice']",Nîmes,15,languedoc-roussillon,13.0,5
144,2020,12,16,T19:00:00+0100,Reims,Nantes,domicile,3,2,"['E. Touré', 'B. Dia', 'M. Cafaro', 'N. Pallois', 'L. Blas']",Reims,15,champagne-ardenne,7.0,0
145,2020,12,16,T21:00:00+0100,Lyon,Brest,ex-aequo,2,2,"['M. Depay', 'M. Cornet', 'A. Lopes', 'R. Faivre']",Lyon,15,rh-ne-alpes,9.5,24
146,2020,12,16,T21:00:00+0100,Paris-SG,Lorient,domicile,2,0,"['K. Mbappé', 'M. Kean']",Paris,15,ile-de-france,8.5,0
147,2020,12,16,T21:00:00+0100,Rennes,Marseille,domicile,2,1,"['H. Traoré', 'A. Hunou', 'P. Gueye']",Rennes,15,bretagne,9.5,1
148,2020,12,16,T21:00:00+0100,Monaco,Lens,exterieur,0,3,"['I. Sylla', 'S. Banza', 'G. Kakuta']",Monaco,15,provence-alpes-c-te-d-azur,13.0,1
149,2020,12,16,T21:00:00+0100,Bordeaux,Saint-Étienne,exterieur,1,2,"['U. Hwang', 'A. Nordin', 'Y. Neyou']",Bordeaux,15,aquitaine,10.5,1
150,2020,12,19,T17:00:00+0100,Metz,Lens,domicile,2,0,"['O. Nguette', 'F. Boulaya']",Metz,16,lorraine,8.5,1
151,2020,12,19,T19:00:00+0100,Marseille,Reims,ex-aequo,1,1,"['F. Thauvin', 'Y. Nagatomo']",Marseille,16,provence-alpes-c-te-d-azur,14.0,1
152,2020,12,19,T21:00:00+0100,Nice,Lyon,exterieur,1,4,"['A. Gouiri', 'M. Depay', 'T. Kadewere', 'K. Toko Ekambi', 'H. Aouar']",Nice,16,provence-alpes-c-te-d-azur,12.5,4
153,2020,12,20,T13:00:00+0100,Brest,Montpellier,ex-aequo,2,2,"['R. Philippoteaux', 'B. Chardonnet', 'G. Laborde', 'A. Delort']",Brest,16,bretagne,10.0,5
154,2020,12,20,T15:00:00+0100,Dijon,Monaco,exterieur,0,1,['K. Volland'],Dijon,16,bourgogne,9.0,18
155,2020,12,20,T15:00:00+0100,Nantes,Angers,ex-aequo,1,1,"['C. Traoré', 'R. Thomas']",Nantes,16,pays-de-la-loire,10.0,1
156,2020,12,20,T15:00:00+0100,Strasbourg,Bordeaux,exterieur,0,2,"['Pablo', 'Otavio']",Strasbourg,16,alsace,7.5,14
157,2020,12,20,T15:00:00+0100,Saint-Étienne,Nîmes,ex-aequo,2,2,"['H. Moukoudi', 'A. Nordin', 'M. Ahlinvi', 'R. Ripart']",Saint-Étienne,16,rh-ne-alpes,8.5,15
158,2020,12,20,T17:00:00+0100,Lorient,Rennes,exterieur,0,3,"['D. Da Silva', 'B. Bourigeaud', 'M. Terrier']",Lorient,16,bretagne,11.0,5
159,2020,12,20,T21:00:00+0100,Lille,Paris-SG,ex-aequo,0,0,[None],Lille,16,nord-pas-de-calais,8.0,0
160,2020,12,23,T19:00:00+0100,Rennes,Metz,domicile,1,0,['C. Grenier'],Rennes,17,bretagne,13.0,21
161,2020,12,23,T19:00:00+0100,Lens,Brest,domicile,2,1,"['A. Kalimuendo', 'F. Sotoca', 'G. Charbonnier']",Lens,17,nord-pas-de-calais,11.0,35
162,2020,12,23,T19:00:00+0100,Bordeaux,Reims,exterieur,1,3,"['U. Hwang', 'Y. Abdelhamid', 'B. Dia', 'M. Munetsi']",Bordeaux,17,aquitaine,13.0,1
163,2020,12,23,T19:00:00+0100,Nice,Lorient,ex-aequo,2,2,"['J. Lotomba', 'J. Reine-Adélaïde', 'T. Moffi', 'A. Grbic']",Nice,17,provence-alpes-c-te-d-azur,12.5,0
164,2020,12,23,T19:00:00+0100,Nîmes,Dijon,exterieur,1,3,"['M. Ahlinvi', 'M. Konaté', 'M. Baldé', 'M. Konaté']",Nîmes,17,languedoc-roussillon,12.0,1
165,2020,12,23,T21:00:00+0100,Montpellier,Lille,exterieur,2,3,"['G. Laborde', 'A. Delort', 'T. Weah', 'J. Ikoné', 'B. Yilmaz']",Montpellier,17,languedoc-roussillon,12.5,1
166,2020,12,23,T21:00:00+0100,Lyon,Nantes,domicile,3,0,"['K. Toko Ekambi', 'T. Kadewere', 'L. Paqueta']",Lyon,17,rh-ne-alpes,11.0,0
167,2020,12,23,T21:00:00+0100,Paris-SG,Strasbourg,domicile,4,0,"['T. Pembélé', 'K. Mbappé', 'I. Gueye', 'M. Kean']",Paris,17,ile-de-france,12.5,18
168,2020,12,23,T21:00:00+0100,Angers,Marseille,domicile,2,1,"['M. Pereira Lage', 'L. Diony', 'V. Rongier']",Angers,17,pays-de-la-loire,12.5,6
169,2020,12,23,T21:00:00+0100,Monaco,Saint-Étienne,ex-aequo,2,2,"['S. Diop', 'K. Volland', 'M. Debuchy', 'D. Bouanga']",Monaco,17,provence-alpes-c-te-d-azur,13.5,0
170,2021,01,06,T19:00:00+0100,Nantes,Rennes,ex-aequo,0,0,[None],Nantes,18,pays-de-la-loire,0.5,0
171,2021,01,06,T19:00:00+0100,Lorient,Monaco,exterieur,2,5,"['T. Moffi', 'A. Gravillon', 'A. Disasi', 'A. Golovine', 'K. Volland', 'S. Diop', 'G. Maripan']",Lorient,18,bretagne,2.0,0
172,2021,01,06,T19:00:00+0100,Metz,Bordeaux,ex-aequo,0,0,[None],Metz,18,lorraine,0.5,2
173,2021,01,06,T19:00:00+0100,Brest,Nice,domicile,2,0,"['S. Mounié', 'F. Honorat']",Brest,18,bretagne,4.0,8
174,2021,01,06,T19:00:00+0100,Strasbourg,Nîmes,domicile,5,0,"['L. Ajorque', 'H. Diallo', 'K. Lala', 'L. Ajorque', 'A. Waris']",Strasbourg,18,alsace,1.5,6
175,2021,01,06,T21:00:00+0100,Lyon,Lens,domicile,3,2,"['M. Depay', 'S. Fortes', 'M. Depay', 'F. Sotoca', 'C. Doucouré']",Lyon,18,rh-ne-alpes,0.0,0
176,2021,01,06,T21:00:00+0100,Lille,Angers,exterieur,1,2,"['B. Yilmaz', 'R. Thomas', 'R. Thomas']",Lille,18,nord-pas-de-calais,2.0,2
177,2021,01,06,T21:00:00+0100,Saint-Étienne,Paris-SG,ex-aequo,1,1,"['R. Hamouma', 'M. Kean']",Saint-Étienne,18,rh-ne-alpes,-3.0,0
178,2021,01,06,T21:00:00+0100,Marseille,Montpellier,domicile,3,1,"['N. Radonjic', 'D. Payet', 'V. Germain', 'F. Mollet']",Marseille,18,provence-alpes-c-te-d-azur,4.5,0
179,2021,01,06,T21:00:00+0100,Reims,Dijon,ex-aequo,0,0,[None],Reims,18,champagne-ardenne,1.0,1
180,2021,01,09,T21:00:00+0100,Rennes,Lyon,ex-aequo,2,2,"['C. Grenier', 'B. Bourigeaud', 'M. Depay', 'J. Denayer']",Rennes,19,bretagne,1.0,0
181,2021,01,09,T21:00:00+0100,Paris-SG,Brest,domicile,3,0,"['M. Kean', 'M. Icardi', 'P. Sarabia']",Paris,19,ile-de-france,2.0,0
182,2021,01,09,T21:00:00+0100,Nîmes,Lille,exterieur,0,1,['B. Yilmaz'],Nîmes,19,languedoc-roussillon,2.5,0
183,2021,01,09,T21:00:00+0100,Dijon,Marseille,ex-aequo,0,0,[None],Dijon,19,bourgogne,-1.0,0
184,2021,01,09,T21:00:00+0100,Monaco,Angers,domicile,3,0,"['G. Maripan', 'K. Volland', 'S. Jovetic']",Monaco,19,provence-alpes-c-te-d-azur,6.0,0
185,2021,01,09,T21:00:00+0100,Lens,Strasbourg,exterieur,0,1,['H. Diallo'],Lens,19,nord-pas-de-calais,2.5,1
186,2021,01,09,T21:00:00+0100,Montpellier,Nantes,ex-aequo,1,1,"['A. Oyongo', 'I. Louza']",Montpellier,19,languedoc-roussillon,4.5,0
187,2021,01,09,T21:00:00+0100,Metz,Nice,ex-aequo,1,1,"['J. Boye', 'A. Gouiri']",Metz,19,lorraine,-1.5,0
188,2021,01,09,T21:00:00+0100,Bordeaux,Lorient,domicile,2,1,"['R. Oudin', 'R. Oudin', 'T. Moffi']",Bordeaux,19,aquitaine,2.5,0
189,2021,01,09,T21:00:00+0100,Reims,Saint-Étienne,domicile,3,1,"['B. Dia', 'B. Dia', 'M. Cafaro', 'C. Abi']",Reims,19,champagne-ardenne,0.5,0
190,2021,01,15,T21:00:00+0100,Montpellier,Monaco,exterieur,2,3,"['S. Wahi', 'A. Delort', 'K. Volland', 'W. Ben Yedder', 'W. Ben Yedder']",Montpellier,20,languedoc-roussillon,10.0,0
191,2021,01,16,T17:00:00+0100,Marseille,Nîmes,exterieur,1,2,"['D. Benedetto', 'N. Eliasson', 'N. Eliasson']",Marseille,20,provence-alpes-c-te-d-azur,6.0,0
192,2021,01,16,T21:00:00+0100,Angers,Paris-SG,exterieur,0,1,['L. Kurzawa'],Angers,20,pays-de-la-loire,3.0,4
193,2021,01,17,T13:00:00+0100,Brest,Rennes,exterieur,1,2,"['F. Honorat', 'B. Bourigeaud', 'C. Grenier']",Brest,20,bretagne,7.0,0
194,2021,01,17,T15:00:00+0100,Nantes,Lens,ex-aequo,1,1,"['I. Louza', 'G. Kakuta']",Nantes,20,pays-de-la-loire,6.0,0
195,2021,01,17,T15:00:00+0100,Nice,Bordeaux,exterieur,0,3,"['U. Hwang', 'P. Baysse', 'T. Basic']",Nice,20,provence-alpes-c-te-d-azur,8.5,1
196,2021,01,17,T15:00:00+0100,Strasbourg,Saint-Étienne,domicile,1,0,['L. Ajorque'],Strasbourg,20,alsace,1.0,8
197,2021,01,17,T17:00:00+0100,Lille,Reims,domicile,2,1,"['J. Bamba', 'J. David', 'A. Zeneli']",Lille,20,nord-pas-de-calais,3.0,1
198,2021,01,17,T21:00:00+0100,Lyon,Metz,exterieur,0,1,['A. Leya Iseka'],Lyon,20,rh-ne-alpes,3.0,5
199,2021,01,27,T21:00:00+0100,Lorient,Dijon,domicile,3,2,"['T. Chalobah', 'T. Moffi', 'A. Gravillon', 'B. Ecuele Manga', 'M. Baldé']",Lorient,20,bretagne,11.0,9
200,2021,01,22,T21:00:00+0100,Paris-SG,Montpellier,domicile,4,0,"['K. Mbappé', 'Neymar', 'M. Icardi', 'K. Mbappé']",Paris,21,ile-de-france,6.0,12
201,2021,01,23,T17:00:00+0100,Lens,Nice,exterieur,0,1,['Y. Atal'],Lens,21,nord-pas-de-calais,4.0,1
202,2021,01,23,T21:00:00+0100,Monaco,Marseille,domicile,3,1,"['G. Maripan', 'A. Tchouaméni', 'S. Jovetic', 'N. Radonjic']",Monaco,21,provence-alpes-c-te-d-azur,10.0,7
203,2021,01,24,T13:00:00+0100,Bordeaux,Angers,domicile,2,1,"['U. Hwang', 'U. Hwang', 'A. Fulgini']",Bordeaux,21,aquitaine,8.0,7
204,2021,01,24,T15:00:00+0100,Metz,Nantes,domicile,2,0,"['A. Leya Iseka', 'F. Boulaya']",Metz,21,lorraine,1.0,3
205,2021,01,24,T15:00:00+0100,Reims,Brest,domicile,1,0,['N. Mbuku'],Reims,21,champagne-ardenne,1.0,4
206,2021,01,24,T15:00:00+0100,Dijon,Strasbourg,ex-aequo,1,1,"['S. Coulibaly', 'L. Ajorque']",Dijon,21,bourgogne,1.5,1
207,2021,01,24,T17:00:00+0100,Rennes,Lille,exterieur,0,1,['J. David'],Rennes,21,bretagne,3.0,1
208,2021,01,24,T21:00:00+0100,Saint-Étienne,Lyon,exterieur,0,5,"['T. Kadewere', 'Marcelo', 'Marcelo', 'T. Kadewere', 'D. Bouanga']",Saint-Étienne,21,rh-ne-alpes,1.5,1
209,2021,02,24,T19:00:00+0100,Nîmes,Lorient,domicile,1,0,['R. Ripart'],Nîmes,21,languedoc-roussillon,13.5,0
210,2021,01,29,T21:00:00+0100,Lyon,Bordeaux,domicile,2,1,"['K. Toko Ekambi', 'L. Dubois', 'S. Kalu']",Lyon,22,rh-ne-alpes,11.5,11
211,2021,01,30,T17:00:00+0100,Montpellier,Lens,exterieur,1,2,"['S. Wahi', 'C. Doucouré', 'G. Kakuta']",Montpellier,22,languedoc-roussillon,11.0,5
212,2021,01,31,T13:00:00+0100,Nice,Saint-Étienne,exterieur,0,1,['C. Abi'],Nice,22,provence-alpes-c-te-d-azur,11.5,5
213,2021,01,31,T15:00:00+0100,Lorient,Paris-SG,domicile,3,2,"['L. Abergel', 'Y. Wissa', 'T. Moffi', 'Neymar', 'Neymar']",Lorient,22,bretagne,9.0,10
214,2021,01,31,T15:00:00+0100,Brest,Metz,exterieur,2,4,"['F. Honorat', 'I. Cardona', 'F. Boulaya', 'P. Sarr', 'P. Yade', 'V. Dias Goncalves']",Brest,22,bretagne,9.0,10
215,2021,01,31,T15:00:00+0100,Angers,Nîmes,domicile,3,1,"['P. Capelle', 'L. Coulibaly', 'L. Diony', 'R. Ripart']",Angers,22,pays-de-la-loire,9.5,10
216,2021,01,31,T15:00:00+0100,Strasbourg,Reims,exterieur,0,1,['D. Kutesa'],Strasbourg,22,alsace,2.5,3
217,2021,01,31,T17:00:00+0100,Lille,Dijon,domicile,1,0,['Y. Yazici'],Lille,22,nord-pas-de-calais,1.0,0
218,2021,01,31,T21:00:00+0100,Nantes,Monaco,exterieur,1,2,"['R. Emond', 'G. Maripan', 'K. Volland']",Nantes,22,pays-de-la-loire,9.5,5
219,2021,03,10,T19:00:00+0100,Marseille,Rennes,domicile,1,0,['M. Cuisance'],Marseille,22,provence-alpes-c-te-d-azur,12.0,0
220,2021,02,03,T19:00:00+0100,Bordeaux,Lille,exterieur,0,3,"['Y. Yazici', 'T. Weah', 'J. David']",Bordeaux,23,aquitaine,13.0,3
221,2021,02,03,T19:00:00+0100,Rennes,Lorient,ex-aequo,1,1,"['M. Terrier', 'Q. Boisgard']",Rennes,23,bretagne,10.0,12
222,2021,02,03,T19:00:00+0100,Metz,Montpellier,ex-aequo,1,1,"['P. Sarr', 'G. Laborde']",Metz,23,lorraine,10.0,27
223,2021,02,03,T19:00:00+0100,Reims,Angers,ex-aequo,0,0,[None],Reims,23,champagne-ardenne,10.0,14
224,2021,02,03,T19:00:00+0100,Strasbourg,Brest,ex-aequo,2,2,"['A. Thomasson', 'J. Aholou', 'G. Charbonnier', 'J. Le Douaron']",Strasbourg,23,alsace,10.0,11
225,2021,02,03,T21:00:00+0100,Dijon,Lyon,exterieur,0,1,['L. Paqueta'],Dijon,23,bourgogne,10.5,1
226,2021,02,03,T21:00:00+0100,Paris-SG,Nîmes,domicile,3,0,"['A. Di Maria', 'P. Sarabia', 'K. Mbappé']",Paris,23,ile-de-france,11.0,12
227,2021,02,03,T21:00:00+0100,Monaco,Nice,domicile,2,1,"['W. Ben Yedder', 'W. Ben Yedder', 'P. Lees-Melou']",Monaco,23,provence-alpes-c-te-d-azur,12.0,0
228,2021,02,03,T21:00:00+0100,Lens,Marseille,ex-aequo,2,2,"['F. Sotoca', 'F. Medina', 'F. Thauvin', 'A. Milik']",Lens,23,nord-pas-de-calais,9.0,21
229,2021,02,03,T21:00:00+0100,Saint-Étienne,Nantes,ex-aequo,1,1,"['M. Camara', 'R. Kolo Muani']",Saint-Étienne,23,rh-ne-alpes,10.0,0
230,2021,02,06,T17:00:00+0100,Lorient,Reims,domicile,1,0,['L. Abergel'],Lorient,24,bretagne,7.0,0
231,2021,02,06,T19:00:00+0100,Lyon,Strasbourg,domicile,3,0,"['M. Depay', 'K. Toko Ekambi', 'M. Depay']",Lyon,24,rh-ne-alpes,12.5,1
232,2021,02,06,T21:00:00+0100,Lens,Rennes,ex-aequo,0,0,[None],Lens,24,nord-pas-de-calais,7.5,16
233,2021,02,07,T13:00:00+0100,Brest,Bordeaux,domicile,2,1,"['S. Mounié', 'R. Faivre', 'U. Hwang']",Brest,24,bretagne,5.5,1
234,2021,02,07,T15:00:00+0100,Nîmes,Monaco,exterieur,3,4,"['L. Deaux', 'Z. Ferhat', 'N. Eliasson', 'A. Golovine', 'A. Golovine', 'A. Golovine', 'K. Volland']",Nîmes,24,languedoc-roussillon,11.5,1
235,2021,02,07,T15:00:00+0100,Saint-Étienne,Metz,domicile,1,0,['J. Boye'],Saint-Étienne,24,rh-ne-alpes,7.0,25
236,2021,02,07,T15:00:00+0100,Nice,Angers,domicile,3,0,"['S. Doumbia', 'M. Maolida', 'A. Gouiri']",Nice,24,provence-alpes-c-te-d-azur,12.5,10
237,2021,02,07,T15:00:00+0100,Montpellier,Dijon,domicile,4,2,"['G. Laborde', 'G. Laborde', 'T. Savanier', 'P. Skuletic', 'S. Coulibaly', 'M. Konaté']",Montpellier,24,languedoc-roussillon,11.0,1
238,2021,02,07,T17:00:00+0100,Nantes,Lille,exterieur,0,2,"['J. David', 'J. David']",Nantes,24,pays-de-la-loire,6.0,1
239,2021,02,07,T21:00:00+0100,Marseille,Paris-SG,exterieur,0,2,"['K. Mbappé', 'M. Icardi']",Marseille,24,provence-alpes-c-te-d-azur,11.5,4
240,2021,02,13,T17:00:00+0100,Paris-SG,Nice,domicile,2,1,"['J. Draxler', 'M. Kean', 'R. Lopes']",Paris,25,ile-de-france,-1.5,0
241,2021,02,13,T19:00:00+0100,Reims,Lens,ex-aequo,1,1,"['A. Zeneli', 'F. Sotoca']",Reims,25,champagne-ardenne,-2.5,0
242,2021,02,13,T21:00:00+0100,Lyon,Montpellier,exterieur,1,2,"['L. Paqueta', 'T. Savanier', 'S. Wahi']",Lyon,25,rh-ne-alpes,-3.5,3
243,2021,02,14,T13:00:00+0100,Monaco,Lorient,ex-aequo,2,2,"['W. Ben Yedder', 'W. Ben Yedder', 'T. Moffi', 'T. Moffi']",Monaco,25,provence-alpes-c-te-d-azur,6.5,1
244,2021,02,14,T15:00:00+0100,Rennes,Saint-Étienne,exterieur,0,2,"['D. Bouanga', 'A. Nordin']",Rennes,25,bretagne,1.0,1
245,2021,02,14,T15:00:00+0100,Metz,Strasbourg,exterieur,1,2,"['T. Delaine', 'A. Thomasson', 'A. Thomasson']",Metz,25,lorraine,-1.5,0
246,2021,02,14,T15:00:00+0100,Angers,Nantes,exterieur,1,3,"['T. Mangani', 'M. Simon', 'I. Louza', 'A. Bamba']",Angers,25,pays-de-la-loire,1.5,0
247,2021,02,14,T15:00:00+0100,Dijon,Nîmes,exterieur,0,2,"['R. Ripart', 'N. Eliasson']",Dijon,25,bourgogne,-2.5,0
248,2021,02,14,T17:05:00+0100,Lille,Brest,ex-aequo,0,0,[None],Lille,25,nord-pas-de-calais,0.0,0
249,2021,02,14,T21:00:00+0100,Bordeaux,Marseille,ex-aequo,0,0,[None],Bordeaux,25,aquitaine,8.0,0
250,2021,02,19,T21:00:00+0100,Brest,Lyon,exterieur,2,3,"['B. Chardonnet', 'I. Cardona', 'L. Paqueta', 'H. Aouar', 'M. Depay']",Brest,26,bretagne,10.0,3
251,2021,02,20,T13:00:00+0100,Saint-Étienne,Reims,ex-aequo,1,1,"['C. Abi', 'E. Touré']",Saint-Étienne,26,rh-ne-alpes,9.0,0
252,2021,02,20,T17:00:00+0100,Nantes,Marseille,ex-aequo,1,1,"['L. Blas', 'D. Payet']",Nantes,26,pays-de-la-loire,14.0,0
253,2021,02,21,T13:00:00+0100,Montpellier,Rennes,domicile,2,1,"['S. Mavididi', 'S. Mavididi', 'S. Guirassy']",Montpellier,26,languedoc-roussillon,11.5,0
254,2021,02,21,T15:00:00+0100,Lens,Dijon,domicile,2,1,"['S. Fofana', 'S. Banza', 'G. Ngonda Muzinga']",Lens,26,nord-pas-de-calais,11.0,0
255,2021,02,21,T15:00:00+0100,Nice,Metz,exterieur,1,2,"['A. Gouiri', 'B. Kouyaté', 'M. Gueye']",Nice,26,provence-alpes-c-te-d-azur,11.5,0
256,2021,02,21,T15:00:00+0100,Strasbourg,Angers,ex-aequo,0,0,[None],Strasbourg,26,alsace,12.0,0
257,2021,02,21,T15:00:00+0100,Nîmes,Bordeaux,domicile,2,0,"['B. Meling', 'R. Ripart']",Nîmes,26,languedoc-roussillon,12.5,0
258,2021,02,21,T17:05:00+0100,Lorient,Lille,exterieur,1,4,"['J. Hergault', 'A. Gravillon', 'J. Fonte', 'J. Ikoné', 'D. Bradaric']",Lorient,26,bretagne,11.0,2
259,2021,02,21,T21:00:00+0100,Paris-SG,Monaco,exterieur,0,2,"['S. Diop', 'G. Maripan']",Paris,26,ile-de-france,12.0,0
260,2021,02,26,T21:00:00+0100,Rennes,Nice,exterieur,1,2,"['M. Terrier', 'A. Gouiri', 'F. Daniliuc']",Rennes,27,bretagne,6.5,0
261,2021,02,27,T13:00:00+0100,Bordeaux,Metz,exterieur,1,2,"['S. Kalu', 'T. Delaine', 'V. Dias Goncalves']",Bordeaux,27,aquitaine,9.5,0
262,2021,02,27,T17:00:00+0100,Dijon,Paris-SG,exterieur,0,4,"['M. Kean', 'K. Mbappé', 'K. Mbappé', 'D. Pereira']",Dijon,27,bourgogne,7.5,3
263,2021,02,28,T13:00:00+0100,Monaco,Brest,domicile,2,0,"['S. Jovetic', 'K. Volland']",Monaco,27,provence-alpes-c-te-d-azur,14.0,0
264,2021,02,28,T15:00:00+0100,Angers,Lens,ex-aequo,2,2,"['L. Diony', 'T. Mangani', 'J. Clauss', 'A. Kalimuendo']",Angers,27,pays-de-la-loire,6.5,0
265,2021,02,28,T15:00:00+0100,Reims,Montpellier,ex-aequo,0,0,[None],Reims,27,champagne-ardenne,7.0,0
266,2021,02,28,T15:00:00+0100,Lorient,Saint-Étienne,domicile,2,1,"['A. Laurienté', 'A. Laurienté', 'H. Moukoudi']",Lorient,27,bretagne,7.5,0
267,2021,02,28,T15:00:00+0100,Nîmes,Nantes,ex-aequo,1,1,"['M. Koné', 'L. Blas']",Nîmes,27,languedoc-roussillon,11.5,4
268,2021,02,28,T17:05:00+0100,Lille,Strasbourg,ex-aequo,1,1,"['J. Fonte', 'L. Ajorque']",Lille,27,nord-pas-de-calais,8.0,0
269,2021,02,28,T21:00:00+0100,Marseille,Lyon,ex-aequo,1,1,"['A. Milik', 'K. Toko Ekambi']",Marseille,27,provence-alpes-c-te-d-azur,13.0,4
270,2021,03,03,T19:00:00+0100,Lyon,Rennes,domicile,1,0,['H. Aouar'],Lyon,28,rh-ne-alpes,12.0,0
271,2021,03,03,T19:00:00+0100,Metz,Angers,exterieur,0,1,['A. Fulgini'],Metz,28,lorraine,9.0,0
272,2021,03,03,T19:00:00+0100,Saint-Étienne,Lens,exterieur,2,3,"['H. Moukoudi', 'D. Bouanga', 'F. Sotoca', 'A. Kalimuendo', 'D. Pereira Da Costa']",Saint-Étienne,28,rh-ne-alpes,9.0,0
273,2021,03,03,T19:00:00+0100,Nice,Nîmes,domicile,2,1,"['A. Gouiri', 'A. Claude-Maurice', 'L. Landre']",Nice,28,provence-alpes-c-te-d-azur,12.0,0
274,2021,03,03,T19:00:00+0100,Brest,Dijon,domicile,3,1,"['F. Honorat', 'S. Mounié', 'I. Cardona', 'R. Assalé']",Brest,28,bretagne,10.5,5
275,2021,03,03,T21:00:00+0100,Lille,Marseille,domicile,2,0,"['J. David', 'J. David']",Lille,28,nord-pas-de-calais,11.0,1
276,2021,03,03,T21:00:00+0100,Bordeaux,Paris-SG,exterieur,0,1,['P. Sarabia'],Bordeaux,28,aquitaine,14.0,0
277,2021,03,03,T21:00:00+0100,Strasbourg,Monaco,domicile,1,0,['F. Guilbert'],Strasbourg,28,alsace,10.0,0
278,2021,03,03,T21:00:00+0100,Montpellier,Lorient,ex-aequo,1,1,"['S. Mavididi', 'A. Grbic']",Montpellier,28,languedoc-roussillon,11.0,0
279,2021,03,03,T21:00:00+0100,Nantes,Reims,exterieur,1,2,"['M. Simon', 'G. Konan', 'Y. Abdelhamid']",Nantes,28,pays-de-la-loire,11.5,3
280,2021,03,12,T21:00:00+0100,Reims,Lyon,ex-aequo,1,1,"['M. Cafaro', 'T. Kadewere']",Reims,29,champagne-ardenne,6.5,3
281,2021,03,13,T13:00:00+0100,Angers,Saint-Étienne,exterieur,0,1,['W. Khazri'],Angers,29,pays-de-la-loire,9.5,7
282,2021,03,13,T17:00:00+0100,Marseille,Brest,domicile,3,1,"['A. Milik', 'F. Thauvin', 'M. Cuisance', 'L. Brassier']",Marseille,29,provence-alpes-c-te-d-azur,11.5,0
283,2021,03,14,T13:00:00+0100,Nîmes,Montpellier,ex-aequo,1,1,"['M. Koné', 'A. Delort']",Nîmes,29,languedoc-roussillon,10.5,0
284,2021,03,14,T15:00:00+0100,Lens,Metz,ex-aequo,2,2,"['J. Clauss', 'Y. Cahuzac', 'V. Dias Goncalves', 'T. Delaine']",Lens,29,nord-pas-de-calais,6.5,2
285,2021,03,14,T15:00:00+0100,Rennes,Strasbourg,domicile,1,0,['B. Bourigeaud'],Rennes,29,bretagne,6.0,1
286,2021,03,14,T15:00:00+0100,Lorient,Nice,ex-aequo,1,1,"['Y. Wissa', 'M. Maolida']",Lorient,29,bretagne,7.5,1
287,2021,03,14,T15:00:00+0100,Dijon,Bordeaux,exterieur,1,3,"['M. Konaté', 'U. Hwang', 'U. Hwang', 'N. De Préville']",Dijon,29,bourgogne,4.5,3
288,2021,03,14,T17:05:00+0100,Monaco,Lille,ex-aequo,0,0,[None],Monaco,29,provence-alpes-c-te-d-azur,12.5,1
289,2021,03,14,T21:00:00+0100,Paris-SG,Nantes,exterieur,1,2,"['J. Draxler', 'R. Kolo Muani', 'M. Simon']",Paris,29,ile-de-france,7.5,2
290,2021,03,19,T21:00:00+0100,Saint-Étienne,Monaco,exterieur,0,4,"['S. Jovetic', 'A. Tchouaméni', 'S. Diop', 'K. Diatta']",Saint-Étienne,30,rh-ne-alpes,1.5,0
291,2021,03,20,T13:00:00+0100,Metz,Rennes,exterieur,1,3,"['P. Yade', 'J. Doku', 'M. Terrier', 'S. Guirassy']",Metz,30,lorraine,1.5,0
292,2021,03,20,T17:00:00+0100,Nice,Marseille,domicile,3,0,"['K. Thuram', 'A. Gouiri', 'A. Claude-Maurice']",Nice,30,provence-alpes-c-te-d-azur,9.0,0
293,2021,03,21,T13:00:00+0100,Strasbourg,Lens,exterieur,1,2,"['J. Bellegarde', 'M. Haïdara', 'S. Fofana']",Strasbourg,30,alsace,3.5,1
294,2021,03,21,T15:00:00+0100,Montpellier,Bordeaux,domicile,3,1,"['J. Sambia', 'G. Laborde', 'S. Mavididi', 'U. Hwang']",Montpellier,30,languedoc-roussillon,8.0,0
295,2021,03,21,T15:00:00+0100,Brest,Angers,ex-aequo,0,0,[None],Brest,30,bretagne,9.0,1
296,2021,03,21,T15:00:00+0100,Dijon,Reims,exterieur,0,1,['B. Dia'],Dijon,30,bourgogne,3.5,0
297,2021,03,21,T15:00:00+0100,Nantes,Lorient,ex-aequo,1,1,"['R. Kolo Muani', 'A. Laurienté']",Nantes,30,pays-de-la-loire,6.5,1
298,2021,03,21,T17:05:00+0100,Lille,Nîmes,exterieur,1,2,"['Xeka', 'M. Koné', 'R. Ripart']",Lille,30,nord-pas-de-calais,8.5,1
299,2021,03,21,T21:00:00+0100,Lyon,Paris-SG,exterieur,2,4,"['I. Slimani', 'M. Cornet', 'K. Mbappé', 'D. Pereira', 'A. Di Maria', 'K. Mbappé']",Lyon,30,rh-ne-alpes,4.0,0
300,2021,04,03,T13:00:00+0200,Monaco,Metz,domicile,4,0,"['F. Fabregas', 'K. Volland', 'W. Ben Yedder', 'W. Ben Yedder']",Monaco,31,provence-alpes-c-te-d-azur,14.0,7
301,2021,04,03,T17:00:00+0200,Paris-SG,Lille,exterieur,0,1,['J. David'],Paris,31,ile-de-france,8.5,0
302,2021,04,03,T21:00:00+0200,Lens,Lyon,ex-aequo,1,1,"['J. Clauss', 'L. Paqueta']",Lens,31,nord-pas-de-calais,7.5,0
303,2021,04,04,T13:00:00+0200,Angers,Montpellier,ex-aequo,1,1,"['S. Bahoken', 'S. Mavididi']",Angers,31,pays-de-la-loire,8.0,0
304,2021,04,04,T15:00:00+0200,Reims,Rennes,ex-aequo,2,2,"['B. Dia', 'G. Konan', 'S. Guirassy', 'S. Guirassy']",Reims,31,champagne-ardenne,6.5,0
305,2021,04,04,T15:00:00+0200,Nantes,Nice,exterieur,1,2,"['A. Touré', 'K. Dolberg', 'K. Dolberg']",Nantes,31,pays-de-la-loire,7.5,0
306,2021,04,04,T15:00:00+0200,Bordeaux,Strasbourg,exterieur,2,3,"['P. Baysse', 'U. Hwang', 'L. Koné', 'H. Diallo', 'L. Ajorque']",Bordeaux,31,aquitaine,11.5,0
307,2021,04,04,T15:00:00+0200,Lorient,Brest,domicile,1,0,['L. Abergel'],Lorient,31,bretagne,8.0,0
308,2021,04,04,T17:05:00+0200,Nîmes,Saint-Étienne,exterieur,0,2,"['W. Khazri', 'D. Bouanga']",Nîmes,31,languedoc-roussillon,11.0,0
309,2021,04,04,T21:00:00+0200,Marseille,Dijon,domicile,2,0,"['L. Balerdi', 'A. Gonzalez']",Marseille,31,provence-alpes-c-te-d-azur,14.5,1
310,2021,04,09,T21:00:00+0200,Metz,Lille,exterieur,0,2,"['B. Yilmaz', 'M. Çelik']",Metz,32,lorraine,7.5,1
311,2021,04,10,T17:00:00+0200,Strasbourg,Paris-SG,exterieur,1,4,"['M. Sahi', 'K. Mbappé', 'P. Sarabia', 'M. Kean', 'L. Paredes']",Strasbourg,32,alsace,13.0,3
312,2021,04,10,T21:00:00+0200,Montpellier,Marseille,ex-aequo,3,3,"['A. Delort', 'G. Laborde', 'G. Laborde', 'A. Milik', 'P. Gueye', 'L. Perrin']",Montpellier,32,languedoc-roussillon,10.0,16
313,2021,04,11,T13:00:00+0200,Rennes,Nantes,domicile,1,0,['M. Terrier'],Rennes,32,bretagne,5.5,3
314,2021,04,11,T15:00:00+0200,Lens,Lorient,domicile,4,1,"['G. Kakuta', 'C. Jean', 'A. Kalimuendo', 'S. Banza', 'T. Moffi']",Lens,32,nord-pas-de-calais,2.0,16
315,2021,04,11,T15:00:00+0200,Nice,Reims,ex-aequo,0,0,[None],Nice,32,provence-alpes-c-te-d-azur,10.5,30
316,2021,04,11,T15:00:00+0200,Saint-Étienne,Bordeaux,domicile,4,1,"['W. Khazri', 'W. Khazri', 'W. Khazri', 'Z. Youssouf', 'U. Hwang']",Saint-Étienne,32,rh-ne-alpes,11.5,14
317,2021,04,11,T15:00:00+0200,Brest,Nîmes,ex-aequo,1,1,"['B. Chardonnet', 'M. Koné']",Brest,32,bretagne,6.0,1
318,2021,04,11,T17:05:00+0200,Monaco,Dijon,domicile,3,0,"['S. Jovetic', 'W. Ben Yedder', 'W. Ben Yedder']",Monaco,32,provence-alpes-c-te-d-azur,11.5,29
319,2021,04,11,T21:00:00+0200,Lyon,Angers,domicile,3,0,"['M. Depay', 'L. Paqueta', 'M. Depay']",Lyon,32,rh-ne-alpes,13.0,14
320,2021,04,16,T21:00:00+0200,Lille,Montpellier,ex-aequo,1,1,"['L. Araujo', 'A. Delort']",Lille,33,nord-pas-de-calais,6.5,0
321,2021,04,17,T12:45:00+0200,Angers,Rennes,exterieur,0,3,"['J. Doku', 'M. Terrier', 'S. Guirassy']",Angers,33,pays-de-la-loire,6.5,1
322,2021,04,17,T17:00:00+0200,Marseille,Lorient,domicile,3,2,"['D. Payet', 'P. Lirola', 'P. Lirola', 'T. Moffi', 'T. Moffi']",Marseille,33,provence-alpes-c-te-d-azur,11.0,0
323,2021,04,18,T13:00:00+0200,Paris-SG,Saint-Étienne,domicile,3,2,"['K. Mbappé', 'K. Mbappé', 'M. Icardi', 'D. Bouanga', 'R. Hamouma']",Paris,33,ile-de-france,8.5,0
324,2021,04,18,T15:00:00+0200,Brest,Lens,ex-aequo,1,1,"['Y. Cahuzac', 'G. Kakuta']",Brest,33,bretagne,8.0,0
325,2021,04,18,T15:00:00+0200,Dijon,Nice,domicile,2,0,"['F. Chafik', 'Y. Benzia']",Dijon,33,bourgogne,7.5,2
326,2021,04,18,T15:00:00+0200,Reims,Metz,ex-aequo,0,0,[None],Reims,33,champagne-ardenne,8.0,1
327,2021,04,18,T15:00:00+0200,Nîmes,Strasbourg,ex-aequo,1,1,"['R. Ripart', 'D. Liénard']",Nîmes,33,languedoc-roussillon,11.5,0
328,2021,04,18,T17:05:00+0200,Bordeaux,Monaco,exterieur,0,3,"['K. Volland', 'G. Martins', 'S. Jovetic']",Bordeaux,33,aquitaine,12.0,0
329,2021,04,18,T21:00:00+0200,Nantes,Lyon,exterieur,1,2,"['N. Pallois', 'M. Depay', 'M. Depay']",Nantes,33,pays-de-la-loire,8.5,0
330,2021,04,23,T21:00:00+0200,Reims,Marseille,exterieur,1,3,"['N. Mbuku', 'D. Payet', 'A. Milik', 'D. Payet']",Reims,34,champagne-ardenne,9.0,0
331,2021,04,24,T13:00:00+0200,Saint-Étienne,Brest,exterieur,1,2,"['W. Khazri', 'G. Charbonnier', 'G. Charbonnier']",Saint-Étienne,34,rh-ne-alpes,13.5,0
332,2021,04,24,T17:00:00+0200,Metz,Paris-SG,exterieur,1,3,"['F. Centonze', 'K. Mbappé', 'K. Mbappé', 'M. Icardi']",Metz,34,lorraine,10.0,0
333,2021,04,25,T13:00:00+0200,Nice,Montpellier,domicile,3,1,"['H. Boudaoui', 'J. Todibo', 'A. Claude-Maurice', 'G. Laborde']",Nice,34,provence-alpes-c-te-d-azur,16.0,0
334,2021,04,25,T15:00:00+0200,Lens,Nîmes,domicile,2,1,"['I. Ganago', 'M. Haïdara', 'Z. Ferhat']",Lens,34,nord-pas-de-calais,8.5,0
335,2021,04,25,T15:00:00+0200,Rennes,Dijon,domicile,5,1,"['M. Terrier', 'M. Terrier', 'F. Tait', 'G. Nyamsi', 'C. Grenier', 'Y. Benzia']",Rennes,34,bretagne,12.0,0
336,2021,04,25,T15:00:00+0200,Strasbourg,Nantes,exterieur,1,2,"['L. Ajorque', 'J. Castelletto', 'L. Blas']",Strasbourg,34,alsace,12.0,0
337,2021,04,25,T15:00:00+0200,Lorient,Bordeaux,domicile,4,1,"['Y. Wissa', 'T. Moffi', 'T. Moffi', 'T. Moffi', 'I. Sissokho']",Lorient,34,bretagne,13.5,0
338,2021,04,25,T17:05:00+0200,Angers,Monaco,exterieur,0,1,['W. Ben Yedder'],Angers,34,pays-de-la-loire,13.0,0
339,2021,04,25,T21:00:00+0200,Lyon,Lille,exterieur,2,3,"['I. Slimani', 'J. Fonte', 'B. Yilmaz', 'J. David', 'B. Yilmaz']",Lyon,34,rh-ne-alpes,16.5,0
340,2021,04,30,T21:00:00+0200,Marseille,Strasbourg,ex-aequo,1,1,"['D. Benedetto', 'S. Mitrovic']",Marseille,35,provence-alpes-c-te-d-azur,16.0,4
341,2021,05,01,T17:00:00+0200,Paris-SG,Lens,domicile,2,1,"['Neymar', 'Marquinhos', 'I. Ganago']",Paris,35,ile-de-france,11.0,0
342,2021,05,01,T21:00:00+0200,Lille,Nice,domicile,2,0,"['B. Yilmaz', 'M. Çelik']",Lille,35,nord-pas-de-calais,9.0,0
343,2021,05,02,T13:00:00+0200,Bordeaux,Rennes,domicile,1,0,['S. Mara'],Bordeaux,35,aquitaine,12.5,1
344,2021,05,02,T15:00:00+0200,Dijon,Metz,exterieur,1,5,"['M. Baldé', 'M. Gueye', 'P. Sarr', 'F. Chafik', 'V. Dias Goncalves', 'D. Bronn']",Dijon,35,bourgogne,8.5,5
345,2021,05,02,T15:00:00+0200,Nîmes,Reims,ex-aequo,2,2,"['R. Ripart', 'M. Koné', 'N. Mbuku', 'A. Flips']",Nîmes,35,languedoc-roussillon,13.5,1
346,2021,05,02,T15:00:00+0200,Lorient,Angers,domicile,2,0,"['Y. Wissa', 'F. Lemoine']",Lorient,35,bretagne,8.5,2
347,2021,05,02,T15:00:00+0200,Brest,Nantes,exterieur,1,4,"['R. Faivre', 'M. Simon', 'L. Blas', 'I. Louza', 'K. Coulibaly']",Brest,35,bretagne,9.0,1
348,2021,05,02,T17:05:00+0200,Montpellier,Saint-Étienne,exterieur,1,2,"['A. Delort', 'R. Hamouma', 'M. Debuchy']",Montpellier,35,languedoc-roussillon,14.0,1
349,2021,05,02,T21:00:00+0200,Monaco,Lyon,exterieur,2,3,"['K. Volland', 'W. Ben Yedder', 'M. Depay', 'Marcelo', 'R. Cherki']",Monaco,35,provence-alpes-c-te-d-azur,15.0,5
350,2021,05,07,T21:00:00+0200,Lens,Lille,exterieur,0,3,"['B. Yilmaz', 'B. Yilmaz', 'J. David']",Lens,36,nord-pas-de-calais,9.0,1
351,2021,05,08,T13:00:00+0200,Nantes,Bordeaux,domicile,3,0,"['K. Coulibaly', 'I. Louza', 'R. Kolo Muani']",Nantes,36,pays-de-la-loire,16.5,1
352,2021,05,08,T17:00:00+0200,Lyon,Lorient,domicile,4,1,"['H. Aouar', 'L. Paqueta', 'B. Guimaraes', 'B. Guimaraes', 'T. Monconduit']",Lyon,36,rh-ne-alpes,15.0,0
353,2021,05,09,T13:00:00+0200,Saint-Étienne,Marseille,domicile,1,0,['A. Nordin'],Saint-Étienne,36,rh-ne-alpes,17.0,1
354,2021,05,09,T15:00:00+0200,Strasbourg,Montpellier,exterieur,2,3,"['L. Ajorque', 'K. Zohi', 'G. Laborde', 'A. Delort', 'G. Laborde']",Strasbourg,36,alsace,18.0,0
355,2021,05,09,T15:00:00+0200,Metz,Nîmes,exterieur,0,3,"['L. Fomba', 'R. Ripart', 'Z. Ferhat']",Metz,36,lorraine,16.5,1
356,2021,05,09,T15:00:00+0200,Nice,Brest,domicile,3,2,"['R. Lopes', 'H. Boudaoui', 'H. Kamara', 'S. Mounié', 'S. Mounié']",Nice,36,provence-alpes-c-te-d-azur,16.5,0
357,2021,05,09,T15:00:00+0200,Angers,Dijon,domicile,3,0,"['A. Fulgini', 'F. El-Melali', 'L. Diony']",Angers,36,pays-de-la-loire,17.5,3
358,2021,05,09,T17:05:00+0200,Reims,Monaco,exterieur,0,1,['E. Matazo'],Reims,36,champagne-ardenne,17.5,2
359,2021,05,09,T21:00:00+0200,Rennes,Paris-SG,ex-aequo,1,1,"['S. Guirassy', 'Neymar']",Rennes,36,bretagne,14.5,0
360,2021,05,16,T21:00:00+0200,Lille,Saint-Étienne,ex-aequo,0,0,[None],Lille,37,nord-pas-de-calais,11.0,6
361,2021,05,16,T21:00:00+0200,Paris-SG,Reims,domicile,4,0,"['Neymar', 'K. Mbappé', 'Marquinhos', 'M. Kean']",Paris,37,ile-de-france,13.0,3
362,2021,05,16,T21:00:00+0200,Monaco,Rennes,domicile,2,1,"['W. Ben Yedder', 'A. Golovine', 'A. Disasi']",Monaco,37,provence-alpes-c-te-d-azur,16.0,0
363,2021,05,16,T21:00:00+0200,Nîmes,Lyon,exterieur,2,5,"['M. Koné', 'M. Koné', 'L. Paqueta', 'M. Depay', 'L. Paqueta', 'H. Aouar', 'I. Slimani']",Nîmes,37,languedoc-roussillon,16.5,1
364,2021,05,16,T21:00:00+0200,Marseille,Angers,domicile,3,2,"['A. Milik', 'A. Milik', 'A. Milik', 'M. Pereira Lage', 'R. Thomas']",Marseille,37,provence-alpes-c-te-d-azur,15.5,1
365,2021,05,16,T21:00:00+0200,Bordeaux,Lens,domicile,3,0,"['U. Hwang', 'Y. Sabaly', 'M. Zerkane']",Bordeaux,37,aquitaine,14.0,8
366,2021,05,16,T21:00:00+0200,Montpellier,Brest,ex-aequo,0,0,[None],Montpellier,37,languedoc-roussillon,16.5,3
367,2021,05,16,T21:00:00+0200,Nice,Strasbourg,exterieur,0,2,"['L. Ajorque', 'L. Ajorque']",Nice,37,provence-alpes-c-te-d-azur,16.5,0
368,2021,05,16,T21:00:00+0200,Lorient,Metz,domicile,2,1,"['Y. Wissa', 'J. Hergault', 'B. Traoré']",Lorient,37,bretagne,12.0,7
369,2021,05,16,T21:00:00+0200,Dijon,Nantes,exterieur,0,4,"['K. Coulibaly', 'R. Kolo Muani', 'L. Blas', 'R. Kolo Muani']",Dijon,37,bourgogne,11.5,7
370,2021,05,23,T21:00:00+0200,Angers,Lille,exterieur,1,2,"['A. Fulgini', 'J. David', 'B. Yilmaz']",Angers,38,pays-de-la-loire,11.5,1
371,2021,05,23,T21:00:00+0200,Brest,Paris-SG,exterieur,0,2,"['R. Faivre', 'K. Mbappé']",Brest,38,bretagne,10.5,11
372,2021,05,23,T21:00:00+0200,Lens,Monaco,ex-aequo,0,0,[None],Lens,38,nord-pas-de-calais,10.5,2
373,2021,05,23,T21:00:00+0200,Lyon,Nice,exterieur,2,3,"['K. Toko Ekambi', 'K. Toko Ekambi', 'K. Dolberg', 'H. Kamara', 'W. Saliba']",Lyon,38,rh-ne-alpes,14.5,1
374,2021,05,23,T21:00:00+0200,Metz,Marseille,ex-aequo,1,1,"['F. Boulaya', 'A. Milik']",Metz,38,lorraine,10.5,1
375,2021,05,23,T21:00:00+0200,Rennes,Nîmes,domicile,2,0,"['S. Guirassy', 'B. Bourigeaud']",Rennes,38,bretagne,10.0,2
376,2021,05,23,T21:00:00+0200,Nantes,Montpellier,exterieur,1,2,"['R. Kolo Muani', 'G. Laborde', 'A. Delort']",Nantes,38,pays-de-la-loire,12.0,1
377,2021,05,23,T21:00:00+0200,Saint-Étienne,Dijon,exterieur,0,1,['A. Kamara'],Saint-Étienne,38,rh-ne-alpes,12.0,0
378,2021,05,23,T21:00:00+0200,Reims,Bordeaux,exterieur,1,2,"['E. Touré', 'Y. Adli', 'E. Kwateng']",Reims,38,champagne-ardenne,10.5,1
379,2021,05,23,T21:00:00+0200,Strasbourg,Lorient,ex-aequo,1,1,"['H. Diallo', 'T. Chalobah']",Strasbourg,38,alsace,12.0,2
